"","id","Title","full_name","email","amount_spent_on_dog_food","dog_size","dog_gender","dog_age"
"1",1,"Mrs","Frasquito Dene","fdene0@dell.com",80.05,"S","M","53"
"2",2,"Ms","Lawrence Kardos","lkardos1@diigo.com",66.3,"XL","M","2"
"3",3,"Rev","Lanna Wintersgill","lwintersgill2@domainmarket.com",25.84,"L","F","71"
"4",4,"Rev","Richmound Kimmitt","rkimmitt3@jiathis.com",50.76,"M","M","9"
"5",5,"Rev","Valeda Dallender","vdallender4@theglobeandmail.com",83.41,"XL","F","23"
"6",6,"Honorable","Duky Cavell","dcavell5@seesaa.net",80.18,"XL","M","74"
"7",7,"Rev","Neal Gabbetis","ngabbetis6@admin.ch",98.59,"L","M","46"
"8",8,"Ms","Farrel Swindin","fswindin7@printfriendly.com",64.2,"S","M","84"
"9",9,"Dr","Latrena Heinsh","lheinsh8@i2i.jp",7.44,"XL","F","69"
"10",10,"Mrs","Josh Daunay","jdaunay9@mysql.com",55.84,"M","M","24"
"11",11,"Mr","Gabbie Caldeyroux","gcaldeyrouxa@ca.gov",30.25,"L","F","60"
"12",12,"Dr","Krystle Fincke","kfinckeb@usatoday.com",58.37,"XL","F","43"
"13",13,"Dr","Agosto Bewshaw","abewshawc@oaic.gov.au",45.7,"XL","M","49"
"14",14,"Ms","Regina Sinson","rsinsond@stanford.edu",98.51,"L","F","50"
"15",15,"Dr","Nefen Boch","nboche@webnode.com",62.45,"L","M","82"
"16",16,"Dr","Conn Duffrie","cduffrief@arizona.edu",27.78,"L","M","19"
"17",17,"","Karoly Buxcy","kbuxcyg@howstuffworks.com",68,"XL","F","11"
"18",18,"Ms","Wilow Tremayle","wtremayleh@timesonline.co.uk",52.88,"L","F","55"
"19",19,"Ms","Brooks Marde","bmardei@smugmug.com",58.36,"XS","M","94"
"20",20,"Mrs","Harrietta Libbie","hlibbiej@house.gov",21.72,"M","F","11"
"21",21,"Mrs","Ephrayim Misson","",86.15,"XL","M","79"
"22",22,"Dr","Cecilius Dimock","cdimockl@symantec.com",44.67,"XL","M","57"
"23",23,"Mr","Abbe Curle","acurlem@marketwatch.com",35,"XL","F","11"
"24",25,"","Jay Buckle","jbuckleo@archive.org",44.71,"S","M","61"
"25",26,"Ms","Malachi Carillo","mcarillop@army.mil",19.96,"XL","M","29"
"26",27,"Honorable","Caldwell Shawcross","cshawcrossq@icq.com",97.59,"XS","M","97"
"27",28,"Dr","Russell Grewer","rgrewerr@bloglines.com",36.97,"S","M","20"
"28",29,"Ms","Wait Morsley","wmorsleys@goo.ne.jp",20.2,"XL","M","82"
"29",30,"Mr","Mellicent Larking","mlarkingt@engadget.com",80.75,"XL","F","6"
"30",31,"Dr","Martin Nairy","mnairyu@biglobe.ne.jp",93.12,"XL","M","95"
"31",32,"Mr","Sergei Roseaman","sroseamanv@facebook.com",17.59,"XL","M","86"
"32",33,"Mrs","Jock Doonican","jdoonicanw@oaic.gov.au",40.47,"XS","M","48"
"33",34,"","Tera Bresson","tbressonx@reddit.com",93.53,"XL","F","15"
"34",35,"Dr","Cobby Massard","cmassardy@berkeley.edu",11.15,"XL","M","41"
"35",36,"Dr","Gale Ollerhad","gollerhadz@walmart.com",7,"XS","M","83"
"36",37,"","Duffy Heatley","dheatley10@independent.co.uk",91.42,"XL","M","93"
"37",38,"Rev","Inness Mauvin","imauvin11@g.co",98.81,"XL","M","12+"
"38",39,"","Lorna Ebbitt","lebbitt12@t.co",23.03,"XL","F","50"
"39",40,"Rev","Basilius Hall","bhall13@cisco.com",68.98,"XL","M","51"
"40",41,"","Q Dundendale","qdundendale14@naver.com",6.78,"M","F","19"
"41",42,"Mr","Maximo De Hailes","mdehailes15@hao123.com",66.04,"L","M","28"
"42",43,"Rev","Linzy Brigham","lbrigham16@51.la",50.86,"L","F","40"
"43",44,"Dr","Sayers Brodeau","sbrodeau17@foxnews.com",43.13,"XL","M","58"
"44",46,"Honorable","Brucie Hallyburton","bhallyburton19@sakura.ne.jp",86.85,"S","M","18"
"45",47,"Dr","Sharron Spradbery","sspradbery1a@de.vu",22.26,"XS","F","97"
"46",48,"","Benedetto Sabie","bsabie1b@theguardian.com",46.71,"XL","M","93"
"47",49,"Honorable","Ricki Haithwaite","rhaithwaite1c@ebay.com",53.35,NA,"M","92"
"48",50,"Rev","Raynell Alker","ralker1d@forbes.com",13.42,"XL","F","81"
"49",51,"Honorable","Jedidiah Basnett","jbasnett1e@unc.edu",40.24,"XL","M","9"
"50",52,"Ms","Talya Brenston","tbrenston1f@sogou.com",99.55,"M","F","45"
"51",53,"","Jarrad Rogerot","jrogerot1g@51.la",40.25,"XL","M","86"
"52",54,"Dr","Pavel Danter","pdanter1h@purevolume.com",66.63,"XL","M","3"
"53",55,"Mr","Peggi McRill","pmcrill1i@instagram.com",93.79,"XS","F","16"
"54",56,"Rev","Tabby Balk","tbalk1j@123-reg.co.uk",82.74,"M","F","85"
"55",57,"Mr","Mathew Thexton","mthexton1k@etsy.com",33.23,"XL","F","86"
"56",59,"Mr","Noreen Cousins","ncousins1m@posterous.com",96.87,"M","F","30"
"57",60,"","Penni Fray","pfray1n@slate.com",43.07,"XL","F","2"
"58",61,"Ms","Marvin Buxy","mbuxy1o@eventbrite.com",7.83,"S","M","56"
"59",62,"Mr","Engelbert Sturge","esturge1p@mashable.com",16.65,"XL","M","94"
"60",63,"Rev","Mata Georg","mgeorg1q@shareasale.com",69.33,"L","M","98"
"61",64,"Ms","Wendeline Stockings","wstockings1r@marketwatch.com",66.72,"XL","F","40"
"62",65,"Dr","Des McConway","dmcconway1s@techcrunch.com",98.14,"XS","M","23"
"63",66,"Mrs","Val Groveham","vgroveham1t@craigslist.org",60.61,"M","M","18"
"64",67,"Dr","Jeremy Lydiard","jlydiard1u@biblegateway.com",60.21,"S","M","61"
"65",68,"Ms","Flor Gleadle","fgleadle1v@cdc.gov",92.45,"XS","F","94"
"66",69,"","Dixie Vineall","dvineall1w@printfriendly.com",98.46,"XS","F","79"
"67",70,"Dr","Skyler Filip","sfilip1x@myspace.com",29.03,"XL","M","68"
"68",71,"Mr","Tally Bazely","tbazely1y@house.gov",97.82,"XL","F","61"
"69",72,"Honorable","Sib Syddie","ssyddie1z@reverbnation.com",1.06,"S","F","60"
"70",73,"Rev","Dugald Dreakin","ddreakin20@histats.com",20.94,"XL","M","21"
"71",74,"Ms","Bernette Crigin","bcrigin21@blogtalkradio.com",66.29,"L","F","32"
"72",75,"Rev","Olive Casale","ocasale22@mozilla.org",40.22,"XS","F","7"
"73",76,"Honorable","Miof mela Joire","mjoire23@mlb.com",48.3,"XL","F","39"
"74",77,"Mr","Leanora Sallowaye","lsallowaye24@51.la",33.25,"XS","F","57"
"75",78,"Dr","Odell Benkin","obenkin25@phpbb.com",33.84,"S","M","77"
"76",79,"Rev","Ker Leate","kleate26@lulu.com",8.45,"S","Unknown","67"
"77",80,"Mr","Somerset Bester","sbester27@stumbleupon.com",83.16,"XS","M","33"
"78",81,"Mr","Elmer Sinden","esinden28@nifty.com",35.3,"S","M","19"
"79",82,"Honorable","Clerissa Meryett","cmeryett29@reuters.com",97.43,"M","F","37"
"80",83,"","Manfred Withull",NA,89.2,"XS","M","98"
"81",84,"Dr","Orelia Clemenzo","oclemenzo2b@baidu.com",85.97,"M","F","12"
"82",85,"Honorable","Tova Gilston","tgilston2c@macromedia.com",54.47,"S","F","17"
"83",86,"Rev","Ynez Embery","yembery2d@merriam-webster.com",9.62,"L","F","56"
"84",87,"Mr","Jewel Spellward","jspellward2e@webeden.co.uk",86.09,"M","F","82"
"85",88,"Rev","AL Oland","aoland2f@umich.edu",7.11,"XL","M","55"
"86",89,"Mrs","Brendon Prop","bprop2g@abc.net.au",13.72,"XL","M","19"
"87",90,"Mr","Nobie Mauro","nmauro2h@sbwire.com",83.26,"XL","M","71"
"88",91,"Mr","Peterus Dobney","pdobney2i@com.com",8.46,NA,"M","57"
"89",92,"Rev","Reube Tandy","rtandy2j@walmart.com",50.32,"S","M","69"
"90",93,"Honorable","Randee Aberchirder","raberchirder2k@parallels.com",20.58,"L","F",""
"91",94,"Honorable","Marris Diche","mdiche2l@hatena.ne.jp",67.35,"XL","F","79"
"92",95,"Mr","Ollie Creus","ocreus2m@hc360.com",86.89,"XL","M","44"
"93",96,"Dr","Munmro Lehemann","mlehemann2n@ning.com",36.29,"XL","M","41"
"94",97,"Mr","Aggi Coppen","acoppen2o@hc360.com",1.98,"XL","F","90"
"95",98,"Rev","Radcliffe Kapelhoff","rkapelhoff2p@desdev.cn",90.54,"XL","M","86"
"96",99,"Honorable","Eloisa Guterson","eguterson2q@wiley.com",98.35,"L","F","36"
"97",100,"Rev","Athena Lisciandri","alisciandri2r@msu.edu",98.16,"XS","F","4"
"98",101,"Mr","Fredia Ryves","fryves2s@ovh.net",64.15,"XS","F","40"
"99",102,"Ms","Bob Tollow","btollow2t@dyndns.org",28.05,"XL","M","79"
"100",103,"Mrs","Randene Scholler","rscholler2u@unesco.org",92.69,"L","F","Less than 20"
"101",104,"Mr","Anna-maria Stit","astit2v@unblog.fr",60.36,"L","F","91"
"102",105,"Mr","Leland Vedishchev","lvedishchev2w@sfgate.com",14.06,"XL","F","25"
"103",106,"Mr","Samuel Norheny","snorheny2x@icio.us",69.84,"S","M","24"
"104",107,"","Catriona Goddard","cgoddard2y@youku.com",24.25,"S","F","97"
"105",108,"Rev","Laurens Lorie","llorie2z@blog.com",92,"XL","M","96"
"106",109,"Mrs","Penny Ashburner","pashburner30@fastcompany.com",69.98,"XL","M","31"
"107",110,"Mrs","Andres Phuprate","aphuprate31@friendfeed.com",50.03,"XL","M","28"
"108",111,"Mrs","Tatum Jouandet","tjouandet32@constantcontact.com",88.78,"S","F","29"
"109",112,"Dr","Mel Primak","mprimak33@sitemeter.com",0.83,"XL","F","54"
"110",113,"Mr","Bald Dreghorn","bdreghorn34@1688.com",8.46,"L","M","22"
"111",114,"Mr","Northrop Gales","ngales35@51.la",78.74,"XL","M","33"
"112",116,"Ms","Glenine Rainsdon","grainsdon37@go.com",25.99,"M","F","46"
"113",117,"Mr","Kiri Durrance","kdurrance38@ifeng.com",85.5,"XL","Unknown","35"
"114",118,"Ms","Allianora Pittendreigh","apittendreigh39@google.de",22.46,"XS","F","65"
"115",120,"Mrs","Anneliese Andrus","aandrus3b@usa.gov",17.1,"XL","F","76"
"116",121,"Ms","Sonny Nelsey","snelsey3c@nps.gov",10.42,"XL","M","94"
"117",123,"Honorable","Stephan Okenden","sokenden3e@businessweek.com",47.14,"XL","M","26"
"118",124,"Rev","Eldridge Ponter","eponter3f@1und1.de",35.8,"S","M","66"
"119",125,"","Perice Gilder","pgilder3g@va.gov",54.74,"L","M","42"
"120",126,"Mrs","Lilllie Gretham","lgretham3h@amazonaws.com",83.31,"XL","F","31"
"121",127,"Ms","Perla Karpushkin","pkarpushkin3i@google.com",55.04,"L","F","99"
"122",128,"Rev","Toma Esgate","tesgate3j@soundcloud.com",55.1,"S","F","90"
"123",129,"Honorable","Beaufort Dungay","bdungay3k@devhub.com",69.99,"XL","M","51"
"124",130,"Mrs","Drona Coggen","dcoggen3l@constantcontact.com",5.62,"XL","F","64"
"125",131,"Honorable","Lelah Bromley","lbromley3m@admin.ch",37.29,"M","F","35"
"126",132,"Rev","Melissa Scutching","mscutching3n@indiegogo.com",15.76,"XS","F","96"
"127",133,"Ms","Theresa Pidgen","tpidgen3o@people.com.cn",16.03,"L","Unknown","60"
"128",134,"Dr","Tiebold Siggin","tsiggin3p@dagondesign.com",99.77,"XL","M","76"
"129",135,"Mrs","Marinna Brogiotti","mbrogiotti3q@163.com",17.71,"S","F","30"
"130",136,"Dr","Tobit Paradis","tparadis3r@icq.com",25.42,"L","M","16"
"131",137,"Dr","Cori Petrashov","cpetrashov3s@msu.edu",80.48,"L","M","56"
"132",138,"Mrs","Allard Jobbins","ajobbins3t@bing.com",55.92,"M","Unknown","7"
"133",139,"Honorable","Aarika Wennington","awennington3u@harvard.edu",73.27,"S","F","16"
"134",140,"Rev","Fairfax Wagon","fwagon3v@usa.gov",99.64,"XL","M","97"
"135",141,"","Kareem Ibbison","kibbison3w@facebook.com",34.03,"L","M","91"
"136",142,"","Jaye Aberkirdo","jaberkirdo3x@icq.com",36.39,"XL","M","70"
"137",144,"Honorable","Anatole Meritt","ameritt3z@dyndns.org",92.73,"S","M","5"
"138",145,"Mrs","Craig Poli","cpoli40@vinaora.com",65.03,"XL","M","40"
"139",146,"Dr","Mariska Sleeny","msleeny41@posterous.com",78.06,"XL","F","53"
"140",147,"","Dillon Nitto","dnitto42@tripod.com",78.78,"XL","M","64"
"141",148,"Mr","Crystie Scrange","cscrange43@t.co",16.55,"M","F","51"
"142",149,"Ms","Clyde Caldecott","ccaldecott44@amazonaws.com",9.17,"XL","M","58"
"143",150,"Mrs","Archy Ondracek","aondracek45@pen.io",85.58,NA,"M","2"
"144",151,"","Tobit Kelby","tkelby46@boston.com",61.34,NA,"M","54"
"145",152,"Honorable","Chan Lossman","clossman47@archive.org",6.96,"M","M","54"
"146",153,"Honorable","Lawrence Clemont","lclemont48@edublogs.org",57.6,"XL","M","5"
"147",154,"","Darryl Marple","dmarple49@blog.com",79.11,"S","F","33"
"148",155,"Ms","Rubina Pridie","rpridie4a@slashdot.org",21.32,"XL","F","5"
"149",156,"Mr","Monty Budleigh","mbudleigh4b@deviantart.com",72.86,"XL","Unknown","74"
"150",157,"Rev","Raina Kemmett","rkemmett4c@walmart.com",25.2,"L","F","49"
"151",158,"Mr","Willdon Wehnerr","wwehnerr4d@washington.edu",91.66,"S","M","81"
"152",160,"Honorable","Marjy Linklet","mlinklet4f@wordpress.comm",97.69,"XL","F","27"
"153",164,"Ms","Ilysa Einchcombe","ieinchcombe4j@mysql.com",58.7,NA,"F","13"
"154",165,"","Myca Holtaway","-",40.09,"M","M","20"
"155",166,"Dr","Evanne Proughten","eproughten4l@wiley.com",12.28,"XL","F","50"
"156",168,"Mr","Wenonah Quinlan","wquinlan4n@amazon.co.jp",90.33,"L","F","69"
"157",169,"","Garrett Maddams","gmaddams4o@twitter.com",16.29,"XL","M","37"
"158",170,"Honorable","Lori Rasper","lrasper4p@wunderground.comm",62.96,"M","F","38"
"159",172,"Ms","C-J Bulle","cbulle4r@weebly.com",69.09,"S","F","40"
"160",173,"Ms","Lyndsay Szreter","lszreter4s@discovery.com",99.76,"XL","F","18"
"161",174,"Mrs","Levy Howels","lhowels4t@vkontakte.ru",100,NA,"Unknown","3,3,5"
"162",175,"Rev","Malachi Jane","mjane4u@yelp.com",8.82,"XL","M","71"
"163",176,"Rev","Rodina Carrack","rcarrack4v@utexas.edu",16.29,"XL","F","82"
"164",177,"Ms","Mitch Bonnick","mbonnick4w@cafepress.com",62.62,"XL","M","3"
"165",178,"","Cyrille Redmile","credmile4x@github.com",49.26,"XL","M","29"
"166",179,"Mr","Roselia Bosnell","rbosnell4y@bloglines.com",41.11,"S","F","3"
"167",180,"Mrs","Laughton Kingsmill","lkingsmill4z@slideshare.net",20,"S","M","5"
"168",181,"Mr","Aubrette Yglesia","ayglesia50@vinaora.com",18.94,"XL","F","99"
"169",182,"Rev","Ethelda Belverstone","ebelverstone51@scribd.com",46.09,"M","F","95"
"170",183,"Dr","Haily Lockart","hlockart52@com.com",26.8,"XS","F","44"
"171",184,"Ms","Nicolis Sieb","nsieb53@constantcontact.com",43.57,"M","M","38"
"172",187,"Honorable","Atalanta McGloughlin","amcgloughlin56@soundcloud.com",16.72,"XL","F","27"
"173",188,"Honorable","Serene Perfili","sperfili57@cyberchimps.com",54,"M","F","38"
"174",190,"Dr","Doug Kee","dkee59@ebay.com",77.08,"XS","M","71"
"175",191,"Ms","Forster Flahive","fflahive5a@archive.org",10.1,"M","M","12"
"176",192,"Ms","Charmain Sandercroft","csandercroft5b@myspace.com",19.36,"XS","F","90"
"177",193,"Honorable","Lonnie Crawley","lcrawley5c@storify.com",54.45,"XL","M","66"
"178",194,"Rev","Briana Huttley","bhuttley5d@ning.com",59.3,"S","F","41"
"179",195,"Mrs","Jamima Lisciardelli","jlisciardelli5e@blog.com",31.44,"XS","F","29"
"180",196,"Rev","Cassondra Gresswell","cgresswell5f@ucsd.edu",36.32,"XL","F","32"
"181",198,"Honorable","Rudd Kendal","rkendal5h@storify.com",91.45,"XL","M","43"
"182",199,"Mr","Abeu Kirkbride","akirkbride5i@is.gd",10.02,"XL","M","10"
"183",200,"Ms","Cirillo Langsdon","clangsdon5j@indiegogo.com",41.31,"XS","M","75"
"184",201,"Ms","Audrie Hindes","ahindes5k@tuttocitta.it",48,"XL","F","85"
"185",202,"Dr","Garald Dudson","gdudson5l@aol.com",18.99,"M","M","16"
"186",203,"Honorable","Flore Sikora","fsikora5m@businessweek.com",4.19,"S","F","42"
"187",205,"Mrs","Reine Janata","rjanata5o@woothemes.com",28.16,"S","F","57"
"188",206,"Mr","Hazel Gypps","hgypps5p@youtu.be",33.18,"XS","M","30"
"189",207,"Dr","Corette Geaney","cgeaney5q@bloomberg.comm",63.6,"M","F","14"
"190",208,"Honorable","Huberto Fforde","",36.93,"S","Unknown","26"
"191",209,"Mrs","Jerri Burgane","jburgane5s@alibaba.com",45.43,"M","M","39"
"192",210,"Honorable","Waldon Kirman","wkirman5t@theguardian.com",69.97,"S","M","49"
"193",211,"Mr","Yank Pears","ypears5u@istockphoto.com",85.36,"XL","M","22"
"194",212,"Mr","Alessandro Winder","awinder5v@woothemes.com",28.43,"XL","M","53"
"195",213,"Mrs","Radcliffe Shillinglaw","rshillinglaw5w@altervista.org",60.02,"S","M","14"
"196",214,"Mr","Ray Dron","rdron5x@flickr.com",45.9,"XL","M","70"
"197",215,"Mrs","Derrek Cunde","dcunde5y@ucoz.ru",29.3,"XL","M","100"
"198",216,"Mr","Lyndsey Aleveque","laleveque5z@gravatar.com",44.3,"S","F","80"
"199",217,"Ms","Hector Bett","hbett60@qq.com",76.54,"XL","M","98"
"200",218,"Mr","Bertha Swetland","bswetland61@histats.com",13.31,"M","F","65"
"201",219,"Rev","Vere Leddie","vleddie62@mediafire.com",99.91,"XS","F","43"
"202",220,"Dr","Moe Pristnor","mpristnor63@mashable.com",36,"XL","M","49"
"203",221,"Dr","Lilia Fellini","lfellini64@dell.com",97.8,"XL","F","66"
"204",222,"Mr","Hillary Fisbey","hfisbey65@marketwatch.com",67.24,"S","F","52"
"205",224,"Rev","Cris Peschmann","cpeschmann67@meetup.com",70.81,"S","F","44"
"206",225,"Ms","Sandy Emson","semson68@mac.com",69.41,"XL","F","23"
"207",226,"Dr","Saree Oddie","soddie69@zimbio.com",95.79,"XL","Unknown","2"
"208",227,"Mrs","Palm Filyaev","pfilyaev6a@cdbaby.com",21.36,"S","M","56"
"209",228,"Honorable","Munmro Van der Brug","mvanderbrug6b@apple.com",19.11,"L","M","91"
"210",229,"Rev","Job Benettini","jbenettini6c@vimeo.com",87.69,"XL","M","1"
"211",230,"Rev","Grant Baile","gbaile6d@google.ru",36.13,"XL","M","63"
"212",231,"Rev","Nissy Buret","nburet6e@a8.net",51.1,"S","F","41"
"213",232,"Ms","Alisa Kilbee","akilbee6f@businessweek.com",50.67,"XL","F","85"
"214",233,"Dr","Nolie Radoux","nradoux6g@slate.com",21.89,"XL","F","28"
"215",234,"","Corbet Munkley","cmunkley6h@51.la",77.07,"S","M","97"
"216",235,"Rev","Mireielle Hrinchishin","mhrinchishin6i@auda.org.au",91.75,"XL","F","58"
"217",236,"Honorable","Selestina Readhead","sreadhead6j@scribd.com",3.97,"M","F","41"
"218",237,"Ms","Penelope Stubbs","pstubbs6k@businesswire.com",75.9,"M","F","9"
"219",238,"","Amalie Hamber","ahamber6l@foxnews.com",8.8,"M","F","94"
"220",239,"Honorable","Loy Haugeh","lhaugeh6m@google.ru",28.63,"XL","M","56"
"221",240,"Mr","Bonnee Spraberry","bspraberry6n@paginegialle.it",81.85,"S","F","43"
"222",241,"Mr","Julina Whitemarsh","jwhitemarsh6o@indiegogo.com",19.81,"L","F","39"
"223",242,"","Benn McGee","bmcgee6p@yahoo.co.jp",71.81,"XL","M","98"
"224",243,"Mrs","Nealson Beere","nbeere6q@state.tx.us",91.92,"XL","M","76"
"225",244,"","Daven Hulbert","dhulbert6r@ft.com",39.51,"M","M","6"
"226",245,"","Madeline Trotter","mtrotter6s@github.com",82.82,"S","Unknown","17"
"227",246,"Ms","Corine Ubanks","cubanks6t@arizona.edu",42.42,"XL","F","58"
"228",247,"Honorable","Ermanno O'Heffernan","eoheffernan6u@liveinternet.ru",14.93,"XL","M","76"
"229",249,"Mr","Winslow Rembrandt","wrembrandt6w@va.gov",93.26,"L","M","50"
"230",250,"Dr","Trevar Galway","tgalway6x@elpais.com",94.02,"XL","M","100"
"231",251,"Mrs","Rivkah Carter","rcarter6y@answers.com",46.12,"L","F","94"
"232",252,"Mrs","Forester Tulk","ftulk6z@dmoz.org",61.58,"L","M","11"
"233",253,"Mrs","Sarine Ferenczi","sferenczi70@angelfire.com",23.26,"XL","F","30"
"234",254,"Ms","Gianni Adaway","gadaway71@vk.com",57.11,"XL","M","11"
"235",255,"Dr","James Ulyatt","julyatt72@qq.com",52.77,"XL","M","79"
"236",256,"Mr","Robby Jacklings","rjacklings73@symantec.com",68.49,"XS","M","79"
"237",257,"Honorable","Gabe Segges","gsegges74@wufoo.com",49.27,"XL","M","19"
"238",258,"","Curry Clackson","cclackson75@europa.eu",51.55,"S","M","93"
"239",259,"Rev","Emmery Po","epo76@ibm.com",21.03,"XL","M","45"
"240",260,"Mr","Lian Lelliott","llelliott77@nasa.gov",72.19,"S","F","41"
"241",261,"Mrs","Ross Cockshutt","rcockshutt78@aol.comm",33.89,"XL","M","7"
"242",262,"Mr","Yank Driffill","ydriffill79@yellowpages.com",43.62,"L","M","45"
"243",263,"Rev","Robbin Antwis","rantwis7a@hhs.gov",3.91,"XL","F","19"
"244",264,"Mr","Gale Bech","gbech7b@home.pl",54.72,"XL","F","98"
"245",265,"Mr","Dulsea Normavell","dnormavell7c@nationalgeographic.com",85.14,"L","F","48"
"246",266,"Ms","Idelle Dudman","idudman7d@youku.com",84.84,"XL","F","14"
"247",267,"","Viole Maggorini","vmaggorini7e@bloomberg.com",89.24,"XS","Unknown","47"
"248",268,"Dr","Ingmar Lamminam","ilamminam7f@phpbb.com",33.3,"XL","M","60"
"249",269,"Rev","Devland Carefull","dcarefull7g@shareasale.commmm",67.45,"XL","M","37"
"250",270,"Dr","Ford Growcock","fgrowcock7h@histats.com",22.35,"S","M","80"
"251",271,"Mrs","Dona Barby","dbarby7i@plala.or.jp",13.13,"L","F","79"
"252",272,"Honorable","Gusty Ezzle","gezzle7j@wikimedia.org",27.54,"XL","F","34"
"253",273,"Mrs","Marrilee Berens","mberens7k@meetup.com",74.72,"L","F","2"
"254",274,"Honorable","Michelina Fellis","mfellis7l@slideshare.net",98.04,"S","Unknown","65"
"255",275,"Ms","Tabor Henniger","thenniger7m@chicagotribune.com",40.4,"L","M","35"
"256",276,"Ms","Henryetta Charte","hcharte7n@webeden.co.uk",97.25,"XL","F","2"
"257",277,"Rev","Henka Trace","htrace7o@guardian.co.uk",57.98,"M","F","44"
"258",278,"Dr","Letitia Chomicz","lchomicz7p@sciencedirect.com",68.3,"M","F","72"
"259",279,"Rev","Millicent Minucci","mminucci7q@google.fr",2.82,"S","F","20"
"260",280,"Ms","Beryle Rudgley","brudgley7r@trellian.com",35.49,"M","F","18"
"261",281,"Honorable","Andie Nisard","anisard7s@pagesperso-orange.fr",9.31,"M","M","38"
"262",282,"Mrs","Elvira Beardshall","ebeardshall7t@intel.com",16.29,"XL","F","49"
"263",283,"Mrs","Hadlee O'Regan","horegan7u@phoca.cz",50.07,"L","M","23"
"264",285,"Mrs","Rozanna Chitham","rchitham7w@google.com",4.58,"L","F","18"
"265",286,"Honorable","Harli Cusack","hcusack7x@biglobe.ne.jp",89.56,"XL","F","34"
"266",287,"Mr","Yevette Swalwel","yswalwel7y@deliciousdays.com",45.49,"XL","F","60"
"267",288,"Ms","Roslyn Brosh","rbrosh7z@example.com",46.95,"S","F","28"
"268",289,"Rev","Tallulah Lees","tlees80@spotify.com",25.32,"XL","F","40"
"269",291,"Ms","Jorie Stoate","jstoate82@nba.com",5.29,"XS","F","61"
"270",292,"Mr","Blondelle Klaus","bklaus83@usgs.gov",67.83,"M","F","99"
"271",293,"","Aubert Merryfield","amerryfield84@seesaa.net",69.39,"L","M","49"
"272",294,"Mrs","Elwood Burfoot","eburfoot85@illinois.edu",37.97,"L","M","62"
"273",295,"Honorable","Felizio Chatwin","fchatwin86@clickbank.net",48.94,"M","M","29"
"274",296,"Ms","Blake Pryce","bpryce87@nasa.gov",71.83,"XL","F","94"
"275",297,"Mrs","Damita Fogden","dfogden88@fema.gov",94.69,"L","M","20"
"276",298,"Honorable","Vladamir Aynscombe","vaynscombe89@guardian.co.uk",0.12,"XL","M","55"
"277",299,"Mr","Coralie Gossington","cgossington8a@tumblr.com",82.34,"XL","F","42"
"278",300,"Mrs","Francoise Corain","fcorain8b@apache.org",49.36,"S","Unknown","79"
